YUVNUD  ILOHZG,7809,911,290,807,390,647,385,344,theone with blue phone,theold man and his car,There aregoodpeople too,ifyou havethewill,I love it soo much
OVNQTV  ZFERRN,894,678,883,760,658,254,774,823,ifone day I will get tothemoon,theold man and his car,There aregoodpeople too,ifyou havethewill,I love it soo much
DRPRIQ  DRJASC,931,320,528,525,480,244,831,738,ifone day I will get tothemoon,theold man and his car,for how long please,ifyou havethewill,I love it soo much
PBQSUC  FBXCPQ,6749,826,618,983,541,662,361,986,that is bad thing,theold man and his car,There aregoodpeople too,ifyou havethewill,I love it soo much
BARDOH  NKSOIZ,1091,424,927,603,612,457,724,992,that is bad thing,theold man and his car,There aregoodpeople too,ifyou havethewill,I love it soo much
XPYKIF  HXFYHU,1851,206,384,703,638,275,728,951,that is bad thing,theold man and his car,There aregoodpeople too,There is a bad smell rising fromthebasement,I love it soo much
BATCXP  WCSNDG,993,682,278,240,392,382,574,965,togoodto be true,theold man and his car,There aregoodpeople too,thebest thing you could do,I love it soo much
YCPQZI  CFMCDG,188,485,760,964,402,635,996,225,theone with blue phone,ifI had wings I could fly,thebest thing you could do,There is a bad smell rising fromthebasement,I will thank you for it
FLSQUN  LEHYAX,6779,345,433,447,947,763,411,430,theone with blue phone,ifI had wings I could fly,ifI was rich I wouldn’t study,thebest thing you could do,I will thank you for it
ISUPFY  MMLWQU,5128,595,832,449,842,525,301,351,theone with blue phone,ifI had wings I could fly,There is a bad smell rising fromthebasement,There is a bad smell rising fromthebasement,I will thank you for it
PYGJII  VPJBVC,4903,739,773,581,309,523,350,994,togoodto be true,ifI had wings I could fly,thebest thing you could do,thebest thing you could do,I will thank you for it
WSVYOY  ZATJBV,2366,455,839,622,714,286,427,686,I'm soo happy for you,ifI had wings I could fly,There is a bad smell rising fromthebasement,There is a bad smell rising fromthebasement,I will thank you for it
QHOPSN  USLHRA,1827,704,568,717,959,776,238,677,I'm soo happy for you,ifI had wings I could fly,thebest thing you could do,thebest thing you could do,ifyou havethepower
OOECSY  SWRFAH,8157,684,362,873,851,375,620,598,togoodto be true,I like to eatgoodrice,There is a bad smell rising fromthebasement,that is bad thing,ifyou havethepower
WTYBWK  YXGJOT,8028,997,504,575,201,305,377,962,togoodto be true,I like to eatgoodrice,thebest thing you could do,theone with blue phone,ifyou havethepower
NEXWOK  HTIWPB,7573,840,269,708,737,402,447,865,theone with blue phone,I like to eatgoodrice,There is a bad smell rising fromthebasement,There are good people too,ifyou havethepower
COKSPX  KSFUXG,246,433,288,738,522,866,235,317,I'm soo happy for you,I like to eatgoodrice,thebest thing you could do,thebest thing you could do,ifyou havethepower
DBZOWN  VQEQOW,2526,277,915,338,723,437,377,979,ifone day I will get tothemoon,I like to eatgoodrice,There is a bad smell rising fromthebasement,thebest thing you could do,ifyou havethepower
FXUFOH  BHNHVA,9073,612,556,892,623,608,525,571,theone with blue phone,I like to eatgoodrice,There aregoodpeople too,thebest thing you could do,we arethewinners
MXKTUZ  YQXPTN,2729,509,254,443,723,244,733,572,I'm soo happy for you,your bad in writing things,There is a bad smell rising fromthebasement,thebest thing you could do,we arethewinners
YNUOSF  BNCQYS,8231,411,733,746,684,911,314,305,ifone day I will get tothemoon,your bad in writing things,thebest thing you could do,thebest thing you could do,we arethewinners
YYCJPH  AHVAZC,7398,904,634,471,803,582,441,672,that is bad thing,your bad in writing things,There is a bad smell rising fromthebasement,There aregoodpeople too,we arethewinners
ILEDOG  PGKQGD,8485,507,293,515,870,210,712,270,theone with blue phone,your bad in writing things,thebest thing you could do,There aregoodpeople too,we arethewinners
WPEXFK  MCWQPN,6258,887,962,363,543,421,720,999,ifone day I will get tothemoon,your bad in writing things,There aregoodpeople too,There aregoodpeople too,we arethewinners
HHIYAE  JVRJLG,2495,718,435,857,320,322,862,226,that is bad thing,that is bad thing,There aregoodpeople too,There aregoodpeople too,we arethewinners
OJTUDW  DDFVSL,2841,847,810,880,895,385,530,959,it's to late I'm sorry,it's to late I'm sorry,There aregoodpeople too,There aregoodpeople too,this situation is bad for us
ZMMUXV  RXECQU,8449,377,334,464,576,463,289,388,theone with blue phone,it's to late I'm sorry,There aregoodpeople too,ifyou havethewill,this situation is bad for us
XKUSGB  QYBRAR,221,418,553,996,472,277,535,650,he is agoodman,it's to late I'm sorry,There aregoodpeople too,ifyou havethewill,this situation is bad for us
XPZHLP  HOYEMV,2413,280,555,965,360,392,218,748,he is agoodman,it's to late I'm sorry,There aregoodpeople too,ifyou havethewill,this situation is bad for us
VLQUYD  YLRTFC,1870,855,602,928,495,420,709,907,he is agoodman,it's to late I'm sorry,There aregoodpeople too,ifyou havethewill,this situation is bad for us
SSDOXK  RAZMXW,9848,516,552,216,518,642,311,285,he is agoodman,it's to late I'm sorry,There aregoodpeople too,ifyou havethewill,this situation is bad for us
XNUXBW  ONSDTK,4596,887,504,743,529,847,717,540,he is agoodman,it's to late I'm sorry,thebest thing you could do,ifyou havethewill,this situation isgoodfor us
GFTCIB  FHDGFG,9550,777,932,457,260,1000,590,944,he is agoodman,ifone day I will get tothemoon,thebest thing you could do,ifone day I will get tothemoon,this situation isgoodfor us
DJNZTY  PYSIIL,3103,622,734,894,763,992,726,667,theone with blue phone,theone with blue phone,for how long please,ifone day I will get tothemoon,this situation isgoodfor us
LWKFDX  MMWDTS,4675,248,425,716,758,920,287,298,theone with blue phone,theone with blue phone,There is a bad smell rising fromthebasement,ifone day I will get tothemoon,this situation isgoodfor us
HZIBPI  MHKOAV,5338,363,839,411,911,366,960,324,togoodto be true,togoodto be true,bad people are crazyifyou know,I like to eatgoodrice,this situation isgoodfor us
XXWRCY  GZPGDI,3570,204,780,559,770,733,946,851,he is agoodman,he is agoodman,for how long please,I like to eatgoodrice,this situation isgoodfor us
ANYKWJ  PKPNJY,7403,421,817,311,420,207,557,247,he is agoodman,he is agoodman,There aregoodpeople too,I like to eatgoodrice,this situation isgoodfor us
VWKJMI  MBVNUD,5299,898,946,914,655,994,663,385,ifone day I will get tothemoon,ifone day I will get tothemoon,thebest thing you could do,your bad in writing things,this situation isgoodfor us
FPYXQA  LNADER,6126,587,241,650,649,256,424,251,that is bad thing,that is bad thing,for how long please,your bad in writing things,I want to go home
PGDPOB  NCRIQN,4872,685,231,498,789,291,897,273,ifone day I will get tothemoon,ifone day I will get tothemoon,for how long please,your bad in writing things,I want to go home
MZNTUN  LXNIIU,2920,552,228,358,410,924,592,854,ifone day I will get tothemoon,ifone day I will get tothemoon,for how long please,your bad in writing things,I want to go home
COYCSJ  BUCJQH,9939,207,392,668,911,357,360,365,why not it isgood,why not it isgood,for how long please,your bad in writing things,I want to go home
BOTIHT  FEYZNV,3301,210,669,308,791,716,548,750,why not it isgood,why not it isgood,for how long please,ifone day I will get tothemoon,whould you like a cup of tea
GMXFWS  ORARHR,1502,269,833,445,391,619,928,616,ifone day I will get tothemoon,ifone day I will get tothemoon,There aregoodpeople too,ifone day I will get tothemoon,whould you like a cup of tea
TGRZJF  ECDYBT,1460,255,690,267,293,342,886,575,theone with blue phone,theone with blue phone,thebest thing you could do,ifone day I will get tothemoon,ifyou havethepower
PMGBIZ  QIFELO,9012,504,622,998,823,241,980,988,togoodto be true,togoodto be true,for how long please,thebest thing you could do,ifyou havethepower
GUQPRX  OHOPOG,3930,714,613,535,678,620,364,942,ifone day I will get tothemoon,ifone day I will get tothemoon,There aregoodpeople too,for how long please,ifyou havethepower
QOIQKC  WVECHI,112,868,661,477,879,527,811,693,why not it isgood,why not it isgood,for how long please,for how long please,whould you like a cup of tea
