NBGHZU  QBSCDU,9863,921,390,828,783,841,826,903,theone with blue phone,theold man and his car,There aregoodpeople too,ifyou havethewill,I love it soo much
GMXFWS  ORARHR,1502,578,300,499,226,250,967,331,ifone day I will get tothemoon,theold man and his car,There aregoodpeople too,ifyou havethewill,I love it soo much
TGRZJF  ECDYBT,1460,709,235,476,387,943,706,835,ifone day I will get tothemoon,theold man and his car,for how long please,ifyou havethewill,I love it soo much
PMGBIZ  QIFELO,9012,247,768,228,315,769,812,251,that is bad thing,theold man and his car,There aregoodpeople too,ifyou havethewill,I love it soo much
GUQPRX  OHOPOG,3930,697,677,992,207,969,322,463,that is bad thing,theold man and his car,There aregoodpeople too,ifyou havethewill,I love it soo much
QOIQKC  WVECHI,112,513,216,433,358,511,774,352,that is bad thing,theold man and his car,There aregoodpeople too,There is a bad smell rising fromthebasement,I love it soo much
HIVYDE  BYARBQ,1166,498,722,873,313,660,871,370,togoodto be true,theold man and his car,There aregoodpeople too,thebest thing you could do,I love it soo much
NSCWJN  KPQZQY,9791,544,880,529,349,805,416,721,theone with blue phone,ifI had wings I could fly,thebest thing you could do,There is a bad smell rising fromthebasement,I will thank you for it
TSBCMP  NJIAUM,4323,563,917,284,605,705,496,222,theone with blue phone,ifI had wings I could fly,ifI was rich I wouldn’t study,thebest thing you could do,I will thank you for it
YKOCLH  TVAMQN,8875,617,581,669,386,909,343,365,theone with blue phone,ifI had wings I could fly,There is a bad smell rising fromthebasement,There is a bad smell rising fromthebasement,I will thank you for it
UQRPDK  UYGWSH,9791,963,525,266,639,250,618,439,togoodto be true,ifI had wings I could fly,thebest thing you could do,thebest thing you could do,I will thank you for it
TWHVQH  SZRYWL,7413,334,981,731,643,548,928,473,I'm soo happy for you,ifI had wings I could fly,There is a bad smell rising fromthebasement,There is a bad smell rising fromthebasement,I will thank you for it
PJBKWM  OFDLJZ,4358,209,650,512,845,654,697,853,I'm soo happy for you,ifI had wings I could fly,thebest thing you could do,thebest thing you could do,ifyou havethepower
YOVIKW  KDAYFF,5107,518,840,218,681,523,225,233,togoodto be true,I like to eatgoodrice,There is a bad smell rising fromthebasement,that is bad thing,ifyou havethepower
ZTEXHW  MUHJKA,7201,788,933,407,514,325,816,956,togoodto be true,I like to eatgoodrice,thebest thing you could do,theone with blue phone,ifyou havethepower
FLSQUN  LEHYAX,6779,465,417,403,833,771,537,528,theone with blue phone,I like to eatgoodrice,There is a bad smell rising fromthebasement,There are good people too,ifyou havethepower
ISUPFY  MMLWQU,5128,990,206,273,405,644,654,636,I'm soo happy for you,I like to eatgoodrice,thebest thing you could do,thebest thing you could do,ifyou havethepower
PYGJII  VPJBVC,4903,452,853,963,707,972,690,915,ifone day I will get tothemoon,I like to eatgoodrice,There is a bad smell rising fromthebasement,thebest thing you could do,ifyou havethepower
WSVYOY  ZATJBV,2366,238,437,315,487,296,671,778,theone with blue phone,I like to eatgoodrice,There aregoodpeople too,thebest thing you could do,we arethewinners
QHOPSN  USLHRA,1827,694,926,452,351,741,366,476,I'm soo happy for you,your bad in writing things,There is a bad smell rising fromthebasement,thebest thing you could do,we arethewinners
OOECSY  SWRFAH,8157,477,386,412,931,477,737,702,ifone day I will get tothemoon,your bad in writing things,thebest thing you could do,thebest thing you could do,we arethewinners
WTYBWK  YXGJOT,8028,866,496,748,341,239,629,742,that is bad thing,your bad in writing things,There is a bad smell rising fromthebasement,There aregoodpeople too,we arethewinners
NEXWOK  HTIWPB,7573,560,309,701,688,917,619,314,theone with blue phone,your bad in writing things,thebest thing you could do,There aregoodpeople too,we arethewinners
COKSPX  KSFUXG,246,555,654,977,380,681,828,719,ifone day I will get tothemoon,your bad in writing things,There aregoodpeople too,There aregoodpeople too,we arethewinners
IZWWKH  AAWYFM,8945,692,593,496,429,370,794,583,that is bad thing,that is bad thing,There aregoodpeople too,There aregoodpeople too,we arethewinners
VCIPBJ  WEQQXB,3401,314,396,779,684,276,527,770,it's to late I'm sorry,it's to late I'm sorry,There aregoodpeople too,There aregoodpeople too,this situation is bad for us
UJVBLD  ODGHQS,1709,571,962,675,973,425,806,755,theone with blue phone,it's to late I'm sorry,There aregoodpeople too,ifyou havethewill,this situation is bad for us
BIHYYD  LCLALB,9317,815,507,603,235,711,764,1000,he is agoodman,it's to late I'm sorry,There aregoodpeople too,ifyou havethewill,this situation is bad for us
QZLZNZ  QLZSAE,847,741,256,634,903,671,658,307,he is agoodman,it's to late I'm sorry,There aregoodpeople too,ifyou havethewill,this situation is bad for us
AWKVKQ  GMDTKE,9593,523,631,979,390,403,629,803,he is agoodman,it's to late I'm sorry,There aregoodpeople too,ifyou havethewill,this situation is bad for us
MTMZUJ  TBSHRV,4904,420,476,309,615,259,805,808,he is agoodman,it's to late I'm sorry,There aregoodpeople too,ifyou havethewill,this situation is bad for us
EJUISR  XWYNFS,7528,479,906,589,356,418,961,895,he is agoodman,it's to late I'm sorry,thebest thing you could do,ifyou havethewill,this situation isgoodfor us
LKWFUR  LOSLFZ,3210,318,814,279,512,404,843,408,he is agoodman,ifone day I will get tothemoon,thebest thing you could do,ifone day I will get tothemoon,this situation isgoodfor us
MTIYEZ  DOWDRB,5032,611,355,386,813,227,645,923,theone with blue phone,theone with blue phone,for how long please,ifone day I will get tothemoon,this situation isgoodfor us
DQKCKT  CQUFEU,8555,833,676,840,938,841,649,945,theone with blue phone,theone with blue phone,There is a bad smell rising fromthebasement,ifone day I will get tothemoon,this situation isgoodfor us
CWWFAW  WBPKXB,8406,807,406,508,442,949,529,761,togoodto be true,togoodto be true,bad people are crazyifyou know,I like to eatgoodrice,this situation isgoodfor us
VKJMBK  QMSNKO,4864,780,442,603,473,496,872,568,he is agoodman,he is agoodman,for how long please,I like to eatgoodrice,this situation isgoodfor us
RKNPZQ  FAIIQQ,209,617,797,527,713,314,659,378,he is agoodman,he is agoodman,There aregoodpeople too,I like to eatgoodrice,this situation isgoodfor us
WVQEJC  PNTMCH,8834,476,825,997,257,200,255,363,ifone day I will get tothemoon,ifone day I will get tothemoon,thebest thing you could do,your bad in writing things,this situation isgoodfor us
QSJACA  YYOEZO,5467,218,912,372,956,883,424,311,that is bad thing,that is bad thing,for how long please,your bad in writing things,I want to go home
PWUSSC  FAWDFS,8702,902,668,486,800,901,227,290,ifone day I will get tothemoon,ifone day I will get tothemoon,for how long please,your bad in writing things,I want to go home
KQYDBZ  FXMYUY,6965,622,519,384,945,965,251,746,ifone day I will get tothemoon,ifone day I will get tothemoon,for how long please,your bad in writing things,I want to go home
XGHNKG  SQEVBI,6832,699,258,758,234,616,828,756,why not it isgood,why not it isgood,for how long please,your bad in writing things,I want to go home
XIMCBG  TBMLYK,4266,853,595,362,691,344,396,693,why not it isgood,why not it isgood,for how long please,ifone day I will get tothemoon,whould you like a cup of tea
KUBCEO  TOGUFH,4696,508,649,702,820,516,997,648,ifone day I will get tothemoon,ifone day I will get tothemoon,There aregoodpeople too,ifone day I will get tothemoon,whould you like a cup of tea
YMRKYP  XPTTIQ,2645,983,865,540,288,517,367,331,theone with blue phone,theone with blue phone,thebest thing you could do,ifone day I will get tothemoon,ifyou havethepower
HRQZAO  AOIIZJ,6502,982,477,393,409,935,393,242,togoodto be true,togoodto be true,for how long please,thebest thing you could do,ifyou havethepower
IJTUNP  WEGHJA,9593,926,378,701,556,307,219,535,ifone day I will get tothemoon,ifone day I will get tothemoon,There aregoodpeople too,for how long please,ifyou havethepower
VWCIQV  EMSQEY,5527,472,334,401,340,406,744,240,why not it isgood,why not it isgood,for how long please,for how long please,whould you like a cup of tea
